{
  "APT28": [
    0.32999999999999996,
    180
  ],
  "Molerats": [
    0.32999999999999996,
    120
  ],
  "Shiqiang": [
    0.18,
    90
  ],
  "APT29": [
    0.21,
    240
  ],
  "Violin Panda": [
    0.3,
    90
  ],
  "Sandwork": [
    0.06,
    60
  ],
  "Roaming Tiger": [
    0.32999999999999996,
    30
  ],
  "Transparent Tribe": [
    0.15,
    90
  ],
  "Lazarus Group": [
    0.32999999999999996,
    60
  ],
  "Mirage": [
    0.24,
    150
  ],
  "Desert Falcon": [
    0.15,
    210
  ],
  "Volatile Cedar": [
    0.18,
    180
  ],
  "APT30": [
    0.15,
    240
  ],
  "Hurricane Panda": [
    0.09,
    240
  ],
  "NSA": [
    0.15,
    60
  ],
  "Lotus Blossom": [
    0.15,
    150
  ],
  "Winnti Group": [
    0.18,
    240
  ],
  "Carbanak": [
    0.15,
    240
  ],
  "Patchwork": [
    0.27,
    180
  ]
}