{
  "APT28": [
    0.27,
    50
  ],
  "Molerats": [
    0.32999999999999996,
    120
  ],
  "Shiqiang": [
    0.18,
    90
  ],
  "APT29": [
    0.15,
    150
  ],
  "Violin Panda": [
    0.3,
    90
  ],
  "Sandwork": [
    0.04,
    150
  ],
  "Roaming Tiger": [
    0.32999999999999996,
    30
  ],
  "Transparent Tribe": [
    0.07,
    100
  ],
  "Lazarus Group": [
    0.17,
    150
  ],
  "Mirage": [
    0.21,
    150
  ],
  "Desert Falcon": [
    0.15,
    210
  ],
  "Volatile Cedar": [
    0.13,
    150
  ],
  "APT30": [
    0.20,
    240
  ],
  "Hurricane Panda": [
    0.07,
    150
  ],
  "NSA": [
    0.15,
    60
  ],
  "Lotus Blossom": [
    0.15,
    150
  ],
  "Winnti Group": [
    0.08,
    200
  ],
  "Carbanak": [
    0.08,
    150
  ],
  "Patchwork": [
    0.27,
    180
  ]
}